repo_name,Number of Releases,contributors,Category,nb_commits,stars,open_issues,date_last_push,time_since_last_push,creation_date,forks,watchers,size,language,topics,repo_age
ahmetaa/zemberek-nlp,0,13,,1358,1021,52,2022-09-01 22:17:11,61,2013-06-03 6:04:14,200,1021,54510,Java,"['morphology', 'language', 'nlp', 'zemberek-nlp', 'turkish']",3439
alvations/pywsd,0,5,,271,708,19,2022-07-29 17:01:53,95,2014-01-03 9:48:52,130,708,136548,Python,"['nlp', 'wsd', 'lesk', 'wordnet', 'python']",3225
amzn/emukit,0,27,,368,465,38,2022-09-16 8:28:01,47,2018-09-04 5:01:34,112,465,17590,Python,"['machine-learning', 'bayesian-optimization', 'uncertainty-quantification', 'multi-fidelity', 'experimental-design', 'bayesian-quadrature', 'sensitivity-analysis', 'decision-making', 'emulation', 'python']",1520
avinashpaliwal/Super-SloMo,0,7,,59,2844,28,2022-09-25 5:58:58,38,2018-12-25 17:34:17,471,2844,27529,Python,"['video-frame-interpolation', 'super-slomo', 'pytorch-implmention', 'pytorch', 'slow-motion', 'deep-learning', 'deep-neural-networks', 'convolutional-neural-networks', 'frame-interpolation', 'slomo']",1407
charlesq34/pointnet2,0,3,,51,2480,177,2022-08-26 0:39:24,68,2017-08-31 3:18:54,830,2480,650,Python,"['point-cloud', 'deep-learning', 'classification', 'segmentation', '3d-shape']",1889
dbiir/UER-py,0,38,,1013,2289,117,2022-10-20 6:04:29,13,2019-04-10 12:00:20,416,2289,47948,Python,"['bert', 'pre-training', 'fine-tuning', 'gpt', 'chinese', 'natural-language-processing', 'pytorch', 'elmo', 'classification', 'ner', 't5', 'unilm', 'roberta', 'albert', 'clue', 'gpt-2', 'model-zoo', 'bart', 'pegasus', 'xlm-roberta']",1301
f90/Wave-U-Net,0,5,,57,634,11,2022-09-23 22:13:11,39,2018-04-24 16:48:57,165,634,7448,Python,"['audio-processing', 'deep-learning', 'waveform-analysis', 'mit-license']",1652
geek-ai/MAgent,0,9,,137,1507,30,2022-10-22 0:21:27,11,2017-11-06 10:09:14,317,1507,9851,Python,"['reinforcement-learning', 'multi-agent', 'deep-learning']",1822
google-research/google-research,0,396,,3588,25772,823,2022-11-01 0:35:15,1,2018-10-04 18:42:48,6359,25772,368740,Jupyter Notebook,"['machine-learning', 'ai', 'research']",1489
hendrycks/robustness,0,5,,74,752,3,2022-08-24 14:27:43,69,2018-04-06 3:50:57,127,752,76334,Python,"['imagenet', 'robustness', 'pytorch', 'deep-learning', 'convolutional-neural-networks', 'computer-vision', 'machine-learning', 'domain-generalization', 'ml-safety']",1671
hzwer/LearningToPaint,0,5,,100,2141,0,2022-09-26 7:13:24,37,2019-03-11 3:56:03,310,2141,19119,Python,"['deep-learning', 'reinforcement-learning', 'computer-vision', 'pytorch', 'painting']",1332
ialhashim/DenseDepth,0,10,,90,1345,14,2022-09-16 4:07:04,47,2018-12-28 11:50:52,338,1345,12440,Jupyter Notebook,"['deep-learning', 'deep-neural-networks', 'python', 'keras-tensorflow', 'depth-estimation', 'encoder-decoder-model', 'transfer-learning', 'pytorch']",1405
imatge-upc/salgan,0,3,,66,346,33,2022-09-30 19:43:30,32,2016-12-20 9:11:42,106,346,13845,Python,"['deep-learning', 'deeplearning', 'saliency-map', 'convolutional-neural-networks', 'visual']",2143
JayYip/bert-multitask-learning,0,5,,534,508,23,2022-10-21 1:46:21,12,2018-11-29 6:43:15,125,508,30547,Jupyter Notebook,"['bert', 'named-entity-recognition', 'nlp', 'word-segmentation', 'multitask-learning', 'part-of-speech', 'cws', 'pretrained-models', 'ner', 'text-classification', 'multi-task-learning', 'transformer', 'encoder-decoder']",1434
junyanz/interactive-deep-colorization,0,5,,66,2543,33,2022-07-29 10:15:32,96,2017-05-08 7:27:47,442,2543,12125,Python,"['colorization', 'automatic-colorization', 'deep-learning', 'deep-learning-algorithms', 'computer-vision', 'caffe', 'interactive']",2004
junyanz/pytorch-CycleGAN-and-pix2pix,0,57,,521,18634,447,2022-10-25 21:18:55,7,2017-04-18 10:33:05,5522,18634,8392,Python,"['pytorch', 'gan', 'cyclegan', 'pix2pix', 'deep-learning', 'computer-vision', 'computer-graphics', 'image-manipulation', 'image-generation', 'generative-adversarial-network', 'gans']",2024
kk7nc/Text_Classification,0,8,,227,1617,1,2022-10-13 16:57:25,19,2018-07-06 0:10:18,523,1617,14329,Python,"['text-classification', 'nlp-machine-learning', 'document-classification', 'text-processing', 'dimensionality-reduction', 'rocchio-algorithm', 'boosting-algorithms', 'logistic-regression', 'naive-bayes-classifier', 'k-nearest-neighbours', 'support-vector-machines', 'decision-trees', 'random-forest', 'conditional-random-fields', 'deep-learning', 'deep-neural-network', 'recurrent-neural-networks', 'convolutional-neural-networks', 'deep-belief-network', 'hierarchical-attention-networks']",1580
knazeri/edge-connect,0,4,,114,2288,93,2022-09-05 0:20:17,58,2018-12-16 2:14:19,488,2288,1369,Python,"['edgeconnect', 'image-inpainting', 'generative-adversarial-network', 'gans', 'canny-edge-detection', 'deep-learning', 'pytorch']",1417
kymatio/kymatio,0,29,,695,577,71,2022-11-02 12:59:54,-1,2018-10-02 1:45:46,107,577,2422,Python,"['scattering-transform', 'wavelets', 'deep-learning', 'pytorch', 'tensorflow', 'numpy', 'keras', 'scikit-learn']",1492
leoxiaobin/deep-high-resolution-net.pytorch,0,8,,55,3898,197,2022-07-29 16:05:33,95,2019-02-25 3:21:43,875,3898,15932,Cuda,"['human-pose-estimation', 'deep-learning', 'coco-keypoints-detection', 'mpii-dataset', 'mpii', 'mscoco-keypoint', 'deep-high-resolution-net', 'high-resolution-net']",1346
mila-iqia/babyai,0,18,,1311,551,10,2022-08-13 15:46:50,80,2018-10-02 17:58:24,118,551,73686,Python,"['nlp', 'nlp-machine-learning', 'reinforcement-learning-environments', 'imitation-learning', 'openai-gym']",1491
mozilla/bugbug,0,81,,4810,408,272,2022-11-02 14:54:41,-1,2018-03-12 15:29:09,248,408,6552,Python,"['machine-learning', 'software-engineering', 'hacktoberfest']",1695
MVIG-SJTU/AlphaPose,0,14,,180,6524,203,2022-09-26 7:11:36,37,2018-01-17 2:33:17,1781,6524,121723,Python,"['pose-estimation', 'posetracking', 'tracking', 'gpu', 'pytorch', 'realtime', 'human-pose-estimation', 'human-tracking', 'human-pose-tracking', 'alpha-pose', 'alphapose', 'person-pose-estimation', 'accurate', 'crowdpose', 'full-body', 'whole-body', 'skeleton', 'keypoints', 'human-computer-interaction', 'human-joints']",1750
namisan/mt-dnn,0,17,,566,2045,14,2022-10-18 18:46:09,14,2019-02-19 22:58:26,395,2045,1880,Python,"['multi-task-learning', 'natural-language-understanding', 'deep-learning', 'microsoft', 'ranking', 'named-entity-recognition', 'bert', 'machine-reading-comprehension', 'nlp', 'pytorch']",1351
nmap/nmap,0,6,,12682,6998,700,2022-11-02 3:09:05,0,2012-03-09 14:47:43,2007,6998,99955,C,"['c-plus-plus', 'lua', 'security', 'port-scanner', 'machine-learning', 'linux', 'windows', 'osx', 'network-discovery', 'service-discovery', 'asynchronous', 'socket', 'nmap', 'libpcap', 'pcre', 'netcat', 'ping']",3889
omar178/Emotion-recognition,0,4,,67,842,42,2022-10-22 16:41:55,10,2018-08-25 4:19:43,320,842,1999,Python,"['computer-vision', 'deep-learning', 'emotion-recognition', 'emotion-analysis', 'convolutional-neural-networks']",1530
opencog/link-grammar,0,27,,12868,350,71,2022-11-01 23:41:54,0,2014-11-15 21:00:05,116,350,36793,C,"['english', 'russian', 'nlp', 'parser', 'grammar', 'natural-language', 'natural-language-processing', 'link-grammar']",2908
PacktPublishing/Advanced-Deep-Learning-with-Keras,0,5,,445,1430,2,2022-10-31 5:41:54,2,2018-03-15 7:08:43,834,1430,734185,Python,"['keras', 'gan', 'vae', 'reinforcement-learning', 'autoencoder', 'deep-learning']",1693
pmariglia/showdown,0,11,,492,157,17,2022-10-29 18:18:10,3,2019-03-24 15:09:15,132,157,2621,Python,"['pokemon', 'pokemon-showdown', 'pokemon-showdown-bot', 'pokemonshowdown', 'python', 'python3', 'asyncio', 'websockets', 'ai']",1318
rushter/heamy,0,5,,64,545,7,2022-09-30 18:37:25,32,2016-05-12 12:42:10,115,545,90,Python,"['machine-learning', 'data-science', 'stacking']",2364
salu133445/musegan,0,10,,405,1267,15,2022-09-14 20:24:18,48,2017-09-13 3:52:31,304,1267,75252,Python,"['music', 'music-generation', 'machine-learning', 'tensorflow', 'generative-adversarial-network', 'gan']",1876
thomasahle/sunfish,0,16,,149,2407,15,2022-11-02 9:37:06,0,2014-02-10 9:45:07,477,2407,1365,Python,"['sunfish', 'python', 'chess-engine', 'chess-ai', 'ai', 'chess']",3187
voxelmorph/voxelmorph,0,9,,537,1652,91,2022-10-25 18:29:54,7,2018-05-14 16:19:41,494,1652,132283,Python,"['image-registration', 'image-alignment', 'machine-learning', 'deep-learning', 'probabilistic', 'diffeomorphism', 'unsupervised-learning', 'optical-flow']",1632
budzianowski/multiwoz,0,31,,190,665,18,2022-10-18 1:59:14,15,2018-10-01 19:50:35,161,665,125613,Python,"['machine-learning', 'dialogue-systems', 'dialogues', 'dialogue', 'seq2seq', 'dialogue-manager', 'dialogue-library', 'natural-language-processing']",1492
dblalock/bolt,0,4,,276,2323,19,2022-10-12 21:47:45,20,2017-02-01 23:11:16,158,2323,354794,C++,"['machine-learning', 'data-mining', 'database', 'compression']",2099
dotnet/infer,0,24,,433,1462,19,2022-11-01 16:37:14,0,2018-09-14 23:49:02,212,1462,34690,C#,"['machine-learning', 'bayesian-inference']",1509
elki-project/elki,0,16,,10369,717,3,2022-10-30 9:02:04,3,2015-03-04 14:45:49,310,717,56863,Java,"['data-mining', 'java', 'machine-learning', 'clustering', 'outlier-detection', 'anomalydetection', 'visualization', 'data-mining-algorithms', 'indexing', 'index', 'cluster-analysis', 'outliers', 'time-series', 'distance-functions', 'data-science', 'data-analysis']",2799
eriklindernoren/Keras-GAN,0,14,,185,8807,141,2022-09-27 6:58:55,36,2017-07-11 16:24:53,3122,8807,90527,Python,"['deep-learning', 'gan', 'keras', 'generative-adversarial-networks', 'neural-networks']",1939
google-research/language,0,10,,135,1325,71,2022-10-17 14:17:10,15,2018-10-16 0:58:14,307,1325,5799,Python,"['natural-language-processing', 'machine-learning', 'research']",1478
google/voice-builder,0,5,,62,485,62,2022-10-05 13:24:46,27,2018-03-05 13:17:52,118,485,628,JavaScript,"['tts', 'nlp', 'text-to-speech', 'festvox', 'speech-synthesis', 'speech']",1702
h2oai/h2o-3,0,161,,31438,6031,65,2022-11-02 14:35:11,-1,2014-03-03 16:08:07,1932,6031,602562,Jupyter Notebook,"['h2o', 'machine-learning', 'data-science', 'deep-learning', 'big-data', 'ensemble-learning', 'gbm', 'random-forest', 'naive-bayes', 'pca', 'opensource', 'distributed', 'java', 'python', 'r', 'hadoop', 'spark', 'gpu', 'automl', 'h2o-automl']",3165
jacobgil/pytorch-grad-cam,0,24,,205,6157,37,2022-10-19 18:56:52,13,2017-05-31 19:55:15,1115,6157,110658,Python,"['deep-learning', 'pytorch', 'grad-cam', 'visualizations', 'interpretability', 'interpretable-ai', 'interpretable-deep-learning', 'score-cam', 'class-activation-maps', 'vision-transformers', 'explainable-ai', 'xai', 'image-classification', 'machine-learning', 'object-detection', 'computer-vision', 'explainable-ml']",1980
jeeliz/jeelizWeboji,0,5,,118,979,0,2022-09-09 18:09:41,53,2018-06-12 2:36:48,144,979,44799,JavaScript,"['javascript', 'webgl', 'threejs', 'svg', 'weboji', 'webcam', 'deep-learning', 'face', 'face-expression', 'computer-vision', 'augmented-reality', 'emoji', 'face-detection', 'face-tracking', 'real-time', 'morph', 'animated', 'emoticon', 'tracking']",1604
kpe/bert-for-tf2,0,3,,184,776,29,2022-08-20 8:35:43,74,2019-05-22 7:51:33,189,776,290,Python,"['bert', 'keras', 'tensorflow', 'transformer']",1260
limbo018/DREAMPlace,0,12,,604,403,37,2022-10-31 5:56:42,2,2019-02-28 6:09:05,126,403,17636,C++,"['vlsi-physical-design', 'deep-learning', 'pytorch', 'vlsi', 'vlsi-placement', 'gpu-acceleration']",1343
liuzhuang13/DenseNet,0,7,,96,4512,29,2022-09-10 21:55:01,52,2016-08-24 21:32:52,1061,4512,1313,Lua,['deep-learning'],2260
nipy/dipy,0,124,,12334,551,151,2022-11-02 4:38:10,0,2010-02-06 11:43:08,367,551,52044,Python,"['diffusion-mri', 'dti', 'tractography', 'tractometry', 'registration', 'denoising', 'spherical-harmonics', 'dki', 'tracking', 'contextual-enhancement', 'neuroanatomy', 'neuroimaging', 'medical-imaging', 'microstructure', 'machine-learning', 'python', 'bundles', 'segmentation', 'patch2self', 'self-supervised-learning']",4652
nltk/nltk,0,355,,14373,11182,232,2022-10-28 15:07:02,4,2009-09-07 10:53:58,2659,11182,352659,Python,"['nltk', 'python', 'nlp', 'natural-language-processing', 'machine-learning']",4804
oracle/Skater,0,16,,1106,1043,72,2022-08-09 20:28:48,84,2017-01-26 5:45:42,178,1043,374885,Python,"['ml', 'predictive-modeling', 'machine-learning', 'modeling-tools', 'model-interpretation', 'blackbox', 'datascience', 'python', 'model-explanation', 'explanation-system', 'deep-learning', 'deep-neural-networks', 'attribution', 'lstm-neural-networks', 'cnn-classification']",2106
thu-ml/zhusuan,0,16,,439,2144,11,2022-10-03 15:30:47,29,2016-07-18 13:31:38,418,2144,1836,Python,"['bayesian-inference', 'probabilistic-programming', 'graphical-models', 'generative-models', 'deep-learning']",2297
Cartucho/mAP,1,12,,114,2599,96,2022-08-29 10:16:01,65,2018-03-08 11:24:23,842,2599,15081,Python,"['machine-learning', 'pascal-voc', 'average-precision', 'ground-truth', 'object-detection', 'computer-vision', 'metrics', 'detection', 'neural-network', 'darkflow', 'yolo', 'darknet']",1700
experiencor/keras-yolo2,1,10,,78,1708,204,2022-09-16 16:59:13,46,2017-03-22 15:08:29,797,1708,55194,Jupyter Notebook,"['convolutional-networks', 'deep-learning', 'yolo2', 'realtime', 'regression']",2050
foamliu/Car-Recognition,1,4,,86,312,14,2022-10-30 19:17:49,2,2018-04-28 7:36:40,126,312,63973,Python,"['deep-learning', 'computer-vision']",1649
instacart/lore,1,24,,274,1543,23,2022-09-27 19:41:48,35,2017-10-19 21:51:45,132,1543,1641,Python,"['machine-learning', 'python']",1839
JasonKessler/scattertext,1,10,,358,1986,18,2022-11-01 7:39:55,1,2016-07-21 1:47:12,264,1986,39641,Python,"['nlp', 'd3', 'word-embeddings', 'machine-learning', 'natural-language-processing', 'visualization', 'word2vec', 'text-visualization', 'text-mining', 'japanese-language', 'computational-social-science', 'sentiment', 'eda', 'exploratory-data-analysis', 'text-as-data', 'scatter-plot', 'topic-modeling', 'stylometry', 'stylometric', 'semiotic-squares']",2295
mozilla/TTS,1,42,,2184,6337,3,2022-08-24 14:08:31,69,2018-01-23 14:22:06,990,6337,125774,Jupyter Notebook,"['deep-learning', 'text-to-speech', 'python', 'pytorch', 'tacotron', 'tts', 'speaker-encoder', 'dataset-analysis', 'tacotron2', 'tensorflow2', 'vocoder', 'melgan', 'gantts', 'multiband-melgan', 'glow-tts', 'speech']",1743
mxgmn/WaveFunctionCollapse,1,15,,140,20156,1,2022-07-26 8:07:41,99,2016-09-30 11:53:17,1070,20156,31094,C#,"['procedural-generation', 'machine-learning', 'gamedev', 'algorithm', 'csharp', 'wfc']",2224
NVlabs/MUNIT,1,5,,87,2504,59,2022-09-20 12:23:52,43,2018-03-30 21:56:14,475,2504,6257,Python,"['gan', 'deep-learning', 'pix2pix', 'image-translation', 'munit']",1677
YerevaNN/mimic3-benchmarks,1,9,,254,616,41,2022-10-06 20:40:28,26,2016-09-08 5:08:10,284,616,11515,Python,"['machine-learning', 'benchmark', 'clinical-data', 'deep-learning']",2246
iperov/DeepFaceLab,2,19,,1311,35589,461,2022-10-31 14:17:36,1,2018-06-04 13:10:00,8016,35589,848598,Python,"['faceswap', 'face-swap', 'deep-learning', 'deeplearning', 'deep-neural-networks', 'deepfakes', 'deepface', 'deep-face-swap', 'fakeapp', 'neural-networks', 'neural-nets', 'deepfacelab', 'creating-deepfakes', 'arxiv', 'machine-learning']",1611
src-d/kmcuda,2,10,,266,722,43,2022-10-11 16:58:55,21,2016-06-23 13:35:55,137,722,718,Jupyter Notebook,"['cuda', 'kmeans', 'yinyang', 'knn-search', 'machine-learning', 'python', 'afk-mc2', 'hacktoberfest']",2322
tzutalin/labelImg,2,93,,449,18632,402,2022-10-06 3:55:26,27,2015-09-17 1:33:59,5642,18632,242833,Python,"['python2', 'python3', 'annotations', 'tools', 'imagenet', 'deep-learning', 'detection', 'recognition', 'image-classification']",2603
ageitgey/face_recognition,2,50,,238,46317,683,2022-09-21 14:21:04,41,2017-03-03 21:52:39,12563,46317,103958,Python,"['machine-learning', 'face-detection', 'face-recognition', 'python']",2069
DeepBCI/Deep-BCI,3,38,,665,256,3,2022-11-01 7:49:16,1,2017-11-09 5:44:27,164,256,1209037,C,"['bci', 'deep-learning', 'brain', 'ssvep', 'erp', 'motor-imagery', 'cognitive', 'eeg', 'nirs', 'open-source']",1819
konlpy/konlpy,3,32,,610,1274,125,2022-09-26 22:32:16,36,2014-05-01 14:37:08,332,1274,36552,Python,"['python', 'nlp', 'text-mining', 'korean', 'morphology', 'korean-nlp', 'hacktoberfest']",3106
deepfakes/faceswap,4,80,,1660,42644,16,2022-11-01 18:05:41,0,2017-12-19 9:44:13,11979,42644,201217,Python,"['faceswap', 'face-swap', 'deep-learning', 'deeplearning', 'deep-neural-networks', 'deepfakes', 'deepface', 'deep-face-swap', 'fakeapp', 'neural-networks', 'neural-nets', 'openfaceswap', 'myfakeapp', 'machine-learning']",1779
google/tangent,4,11,,68,2237,21,2022-09-29 8:17:36,34,2017-10-26 20:02:46,419,2237,25786,Python,"['autodiff', 'automatic-differentiation', 'machine-learning', 'deep-learning']",1832
scikit-multilearn/scikit-multilearn,4,12,,490,795,107,2022-10-12 23:40:59,20,2014-04-30 13:05:44,152,795,46036,Python,"['classification', 'scikit', 'scikit-learn', 'multi-label', 'scikit-multilearn', 'machine-learning', 'clustering', 'partitioning', 'label-prediction']",3107
Maluuba/nlg-eval,4,5,,67,1123,20,2022-09-27 8:54:36,36,2017-06-27 17:48:22,194,1123,66680,Python,"['natural-language-generation', 'natural-language-processing', 'nlg', 'nlp', 'evaluation', 'bleu', 'bleu-score', 'meteor', 'cider', 'rouge', 'rouge-l', 'task-oriented-dialogue', 'machine-translation', 'dialog', 'dialogue', 'skip-thought-vectors', 'skip-thoughts']",1953
microsoft/NeuronBlocks,4,10,,118,1419,11,2022-08-29 13:59:38,64,2019-04-15 1:01:24,196,1419,15581,Python,"['question-answering', 'deep-learning', 'pytorch', 'natural-language-processing', 'text-classification', 'artificial-intelligence', 'dnn', 'qna', 'text-matching', 'knowledge-distillation', 'model-compression', 'sequence-labeling']",1297
Hironsan/anago,5,11,small,298,1463,46,2022-09-23 21:10:34,39,2017-06-26 21:28:36,375,1463,7688,Python,"['natural-language-processing', 'machine-learning', 'deep-learning', 'named-entity-recognition', 'keras', 'sequence-labeling']",1954
cmusatyalab/openface,5,26,small,734,14536,13,2022-09-28 10:55:14,35,2015-09-16 12:47:27,3591,14536,24596,Lua,"['deep-learning', 'face-recognition', 'facenet']",2603
facebookresearch/flashlight,5,51,small,1389,4576,102,2022-11-02 15:49:17,-1,2018-12-11 18:28:47,434,4576,15595,C++,"['flashlight', 'machine-learning', 'autograd', 'cpp', 'deep-learning', 'neural-network', 'ml']",1421
jmschrei/pomegranate,5,61,small,934,2977,76,2022-08-26 13:06:26,67,2014-11-24 18:36:58,546,2977,52632,Jupyter Notebook,"['python', 'machine-learning', 'probabilistic-graphical-models', 'cython', 'parallel']",2899
mit-nlp/MITIE,5,22,small,5158,2794,17,2022-09-01 11:37:16,62,2014-04-01 22:47:53,538,2794,10957,C++,"['machine-learning', 'natural-language-processing', 'information-extraction', 'python', 'c-plus-plus', 'java']",3136
torchgan/torchgan,5,10,small,126,1319,23,2022-10-23 3:55:31,10,2018-09-20 16:41:00,164,1319,24010,Python,"['machine-learning', 'computer-vision', 'generative-adversarial-networks', 'python3', 'pytorch', 'neural-networks', 'deep-learning', 'generative-model', 'python', 'gans']",1503
brainiak/brainiak,6,32,small,393,282,85,2022-11-01 2:41:32,1,2016-02-08 23:19:27,132,282,8546,Python,"['neuroscience', 'fmri', 'machine-learning', 'distributed', 'neuroimaging']",2458
PaddlePaddle/LARK,6,33,small,442,5260,15,2022-08-29 6:37:17,65,2019-03-03 7:31:29,1166,5260,127796,Python,"['bert', 'nlp', 'natural-language-processing', 'language-understanding', 'ernie']",1340
jeeliz/jeelizFaceFilter,6,18,small,505,2269,1,2022-10-06 1:30:58,27,2018-02-16 21:43:54,483,2269,170103,JavaScript,"['face', 'tracking', 'detection', 'javascript', 'snapchat', '3d', 'webgl', 'deep-learning', 'face-detection', 'face-tracking', 'threejs', 'faceswap', 'library', 'augmented-reality', 'face-filters', 'face-detect', 'web', 'lightweight', 'multiple-faces', 'camera']",1719
tensorly/tensorly,6,46,small,1643,1316,56,2022-10-31 23:58:09,1,2016-10-21 23:14:52,259,1316,3349,Python,"['machine-learning', 'tensor', 'decomposition', 'tensor-algebra', 'tensorly', 'tensor-learning', 'python', 'tensor-methods', 'pytorch', 'mxnet', 'jax', 'tensorflow', 'cupy', 'numpy', 'tensor-decomposition', 'tensor-factorization', 'tensor-regression', 'regression']",2202
benfred/implicit,7,28,small,398,2988,78,2022-10-04 13:10:17,28,2016-04-17 3:45:23,566,2988,7806,Python,"['collaborative-filtering', 'machine-learning', 'matrix-factorization', 'recommender-system', 'recommendation-system', 'recommendation']",2390
fastnlp/fastNLP,7,43,small,2482,2711,51,2022-10-31 14:45:06,1,2018-03-07 13:30:20,435,2711,24775,Python,"['natural-language-processing', 'deep-learning', 'nlp-library', 'nlp-parsing', 'chinese-nlp', 'text-classification', 'text-processing']",1700
openvenues/libpostal,7,42,small,5340,3595,288,2022-10-29 20:09:22,3,2015-03-03 0:21:31,385,3595,37830,C,"['address-parser', 'machine-learning', 'nlp', 'address', 'international', 'c', 'deduplication', 'record-linkage', 'deduping', 'natural-language-processing']",2801
philipperemy/keras-tcn,8,14,small,507,1564,4,2022-09-26 1:56:47,37,2018-03-22 2:40:06,421,1564,6015,Python,"['keras', 'tcn', 'recurrent-neural-networks', 'deep-learning', 'machine-learning']",1686
microsoft/CameraTraps,8,27,small,3275,496,2,2022-10-31 18:09:34,1,2018-10-11 18:02:42,185,496,173702,Jupyter Notebook,"['camera-traps', 'aiforearth', 'wildlife', 'conservation', 'machine-learning', 'computer-vision']",1482
Hananel-Hazan/bindsnet,9,39,small,1715,1149,15,2022-11-02 12:28:40,-1,2018-02-09 19:42:37,303,1149,30198,Python,"['spiking-neural-networks', 'gpu-computing', 'pytorch', 'machine-learning', 'snn', 'reinforcement-learning', 'stdp', 'dynamic', 'neurons', 'simulation', 'synapse']",1726
NeuroTechX/moabb,9,20,small,496,368,40,2022-10-30 22:56:13,2,2017-05-15 15:01:39,113,368,13761,Python,"['brain-computer-interface', 'machine-learning', 'eeg', 'neuroscience', 'bci', 'bci-benchmarks']",1996
NUAA-AL/ALiPy,9,6,small,334,770,16,2022-09-17 11:16:06,46,2018-09-19 7:54:37,114,770,1272,Python,"['machine-learning', 'active-learning', 'toolbox', 'python']",1505
pyannote/pyannote-audio,9,34,small,2186,1912,35,2022-10-29 5:54:54,4,2016-03-07 17:26:15,380,1912,260978,Python,"['pytorch', 'speech-processing', 'speaker-diarization', 'speech-activity-detection', 'speaker-change-detection', 'speaker-embedding', 'voice-activity-detection', 'pretrained-models', 'overlapped-speech-detection', 'speaker-recognition', 'speaker-verification']",2430
atomistic-machine-learning/schnetpack,10,24,small,1387,525,6,2022-11-02 15:39:10,-1,2018-09-03 15:44:35,157,525,32847,Python,"['machine-learning', 'neural-network', 'quantum-chemistry', 'condensed-matter', 'molecular-dynamics']",1520
maxpumperla/elephas,10,20,small,509,1550,8,2022-10-27 22:44:52,5,2015-08-13 12:09:19,306,1550,2728,Python,"['spark', 'keras', 'neural-networks', 'deep-learning', 'distributed-computing']",2638
pavlin-policar/openTSNE,10,9,small,606,1088,6,2022-10-12 8:07:41,21,2018-06-08 18:42:09,133,1088,63340,Python,"['tsne', 'visualization', 'machine-learning', 'dimensionality-reduction', 'embedding']",1607
loli/medpy,11,10,small,326,437,13,2022-09-19 12:42:53,43,2012-05-11 10:57:34,122,437,9241,Python,"['medical', 'python', 'medpy', 'image-processing', 'machine-learning', 'feature-extraction', 'graph-cut', 'magnetic-resonance-imaging', 'nifti-format', 'itk', 'simpleitk', 'mha', 'mhd', 'dicom', '4d', '3d', '2d', 'image-classification', 'image-segmentation', 'computed-tomography']",3827
SuperCowPowers/bat,11,8,small,549,379,12,2022-10-26 22:23:39,6,2017-03-22 17:40:04,102,379,5432,Jupyter Notebook,"['python', 'networking', 'security', 'bro', 'pandas', 'scikit-learn', 'spark', 'zeek', 'kafka', 'zeek-analysis', 'data-analysis']",2050
alfredfrancis/ai-chatbot-framework,11,21,small,412,1693,5,2022-10-29 12:15:20,4,2016-12-16 19:10:56,662,1693,13350,Python,"['chatbot', 'python', 'nltk', 'ai', 'sklearn', 'natural-language', 'conversation', 'chatbots', 'ai-chatbot-framework', 'hacktoberfest']",2146
LexPredict/lexpredict-lexnlp,11,7,small,148,545,39,2022-08-10 10:35:32,84,2017-09-30 8:44:23,149,545,145191,HTML,"['nlp', 'ml', 'legal', 'legaltech', 'linguistics', 'law', 'contracts', 'analytics', 'data']",1859
mne-tools/mne-cpp,11,38,small,11388,130,70,2022-11-02 15:15:39,-1,2012-08-29 13:33:22,129,130,362110,C++,"['neuroscience', 'meg', 'eeg', 'computational-neuroscience', 'c-plus-plus', 'qt3d', 'qt', 'mne', 'real-time', 'cross-platform', 'mne-cpp', 'healthcare', 'clinical', 'qmake', 'biomedical-informatics', 'signal-processing', 'medical-imaging', 'visualization', 'machine-learning', 'analysis']",3716
allenai/scispacy,12,16,small,1000,1255,28,2022-10-24 4:42:42,9,2018-09-24 21:45:52,170,1255,248837,Python,"['scientific-documents', 'spacy', 'custom-pipes', 'nlp', 'biomedical', 'bioinformatics']",1499
ultralytics/yolov3,12,41,small,2653,9106,9,2022-10-16 9:55:24,17,2018-08-26 8:57:20,3328,9106,9595,Python,"['yolov3', 'object-detection', 'pytorch', 'yolo', 'onnx', 'coreml', 'ios', 'tflite', 'yolov4', 'yolov5', 'deep-learning', 'machine-learning', 'ml']",1529
microsoft/MMdnn,12,67,small,1084,5641,334,2022-09-22 23:59:19,40,2017-08-16 8:03:52,973,5641,37216,Python,"['cntk', 'visualization', 'tensorflow', 'model-converter', 'pytorch', 'caffe', 'keras', 'mxnet', 'coreml', 'onnx', 'darknet']",1904
OlafenwaMoses/ImageAI,12,12,small,292,7315,288,2022-11-01 23:10:36,0,2018-03-19 23:12:33,1983,7315,62311,Python,"['artificial-intelligence', 'machine-learning', 'prediction', 'image-prediction', 'python', 'python3', 'offline-capable', 'imageai', 'artificial-neural-networks', 'algorithm', 'image-recognition', 'object-detection', 'squeezenet', 'densenet', 'video', 'inceptionv3', 'detection', 'gpu', 'ai-practice-recommendations']",1688
olivia-ai/olivia,13,17,small,750,3340,22,2022-10-05 10:31:27,28,2018-06-05 18:19:31,338,3340,31290,Go,"['chatbot', 'golang', 'olivia', 'machine-learning', 'artificial-intelligence', 'neural-network', 'natural-language-processing', 'deep-learning', 'go', 'ai', 'assistant', 'voice-assistant', 'backend', 'translations']",1610
modAL-python/modAL,13,11,small,648,1836,79,2022-08-10 23:30:09,83,2017-11-14 14:01:15,274,1836,9548,Python,"['scikit-learn', 'machine-learning', 'python', 'active-learning', 'machine-learning-library', 'machine-learning-algorithms', 'machine-learning-api', 'active-learning-module', 'bayesian-optimization']",1813
nilearn/nilearn,13,159,small,9680,899,269,2022-11-02 16:09:56,-1,2011-01-09 19:02:23,491,899,37688,Python,"['python', 'machine-learning', 'fmri', 'neuroimaging', 'mvpa', 'decoding', 'brain-connectivity', 'brain-imaging', 'brain-mri']",4314
infinitered/nsfwjs,14,24,small,625,6003,81,2022-10-27 16:31:46,5,2019-02-13 15:06:31,432,6003,63944,JavaScript,"['machine-learning', 'machinelearning', 'javascript', 'tensorflowjs', 'tensorflow-js', 'node-module', 'content-management', 'nsfw-recognition']",1357
Accenture/AmpliGraph,14,12,small,947,1847,28,2022-10-16 6:57:44,17,2019-01-09 14:52:05,223,1847,30580,Python,"['machine-learning', 'knowledge-graph', 'relational-learning', 'representation-learning', 'graph-representation-learning', 'graph-embeddings', 'knowledge-graph-embeddings']",1392
BVLC/caffe,14,261,small,4156,32944,1182,2022-10-24 5:26:32,9,2013-09-12 18:39:48,18993,32944,76170,C++,"['deep-learning', 'machine-learning', 'vision']",3337
esimov/pigo,14,9,small,518,3883,4,2022-10-04 8:20:34,29,2018-05-14 7:19:03,281,3883,12901,Go,"['face-detection', 'computer-vision', 'machine-learning', 'golang', 'opencv', 'pixel-intensity-comparison', 'pupil-detection', 'eye-detection', 'facial-landmarks', 'wasm', 'webassembly']",1633
intel/dffml,14,55,small,1766,195,380,2022-11-02 15:05:35,-1,2018-09-19 21:06:34,142,195,602449,Python,"['machine-learning', 'data-flow', 'asyncio', 'event-based', 'flow-based-programming', 'dag', 'hyperautomation', 'dataflows', 'datasets', 'dffml', 'swrepo', 'ai-inference', 'ai-training', 'analytics', 'ai-machine-learning', 'frameworks', 'libraries', 'models', 'pipelines', 'python']",1504
openml/automlbenchmark,14,21,small,1277,308,87,2022-10-27 23:21:52,5,2018-08-06 17:45:16,107,308,119245,Python,"['automl', 'machine-learning', 'benchmark']",1548
openml/openml-python,14,39,small,1562,251,140,2022-10-24 18:00:50,8,2014-03-20 10:46:41,125,251,192478,Python,"['openml', 'machine-learning', 'python', 'meta-learning', 'hacktoberfest']",3149
dmlc/gluon-nlp,15,77,small,840,2450,271,2022-10-31 20:22:13,1,2018-04-04 20:57:13,535,2450,11376,Python,"['mxnet', 'gluonnlp', 'nlp', 'gluon', 'deep-learning', 'machine-learning', 'natural-language-processing', 'numpy', 'nlu', 'natural-language-understanding', 'nlg', 'natural-language-generation', 'natural-language-inference']",1672
IDSIA/sacred,15,90,small,1325,3935,91,2022-10-31 7:05:40,2,2014-03-31 18:05:29,362,3935,6108,Python,"['python', 'machine-learning', 'infrastructure', 'reproducible-research', 'reproducibility', 'reproducible-science', 'mongodb']",3137
nok/sklearn-porter,15,7,small,1219,1193,41,2022-07-25 15:59:11,99,2016-06-22 22:21:34,165,1193,3050,Python,"['machine-learning', 'data-science', 'scikit-learn', 'sklearn']",2323
CMU-Perceptual-Computing-Lab/openpose,15,96,small,705,25250,198,2022-10-23 22:59:15,9,2017-04-24 14:06:31,7356,25250,86480,C++,"['openpose', 'computer-vision', 'machine-learning', 'cpp', 'caffe', 'opencv', 'human-pose-estimation', 'real-time', 'deep-learning', 'human-behavior-understanding', 'cvpr-2017', 'multi-person', 'foot-estimation', 'keypoints', 'face', 'pose', 'pose-estimation', 'human-pose', 'keypoint-detection', 'hand-estimation']",2017
autonomio/talos,16,16,small,637,1560,8,2022-09-18 16:01:21,44,2018-05-04 20:36:41,261,1560,1273,Python,"['deep-learning', 'keras', 'keras-tensorflow', 'hyperparameter-optimization', 'artificial-intelligence', 'tensorflow']",1642
HazyResearch/snorkel,16,68,small,2684,5315,24,2022-10-31 22:47:04,1,2016-02-26 5:52:45,842,5315,292450,Python,"['machine-learning', 'ai', 'weak-supervision', 'labeling', 'data-science', 'python', 'snorkel', 'training-data', 'data-augmentation', 'data-slicing']",2441
neurodata/graspy,16,52,small,797,268,143,2022-10-25 13:39:41,7,2018-09-07 4:00:05,104,268,448110,Python,"['graph', 'data-science', 'networks', 'python', 'machine-learning', 'graph-statistics']",1517
microsoft/dowhy,16,58,small,736,5350,101,2022-11-02 16:27:37,-1,2018-05-31 13:07:04,749,5350,159453,Python,"['causal-inference', 'machine-learning', 'graphical-models', 'bayesian-networks', 'data-science', 'python3', 'causality', 'causal-models', 'treatment-effects', 'do-calculus', 'causal-machine-learning']",1615
HealthCatalyst/healthcareai-r,17,16,small,3325,236,74,2022-10-26 10:16:52,7,2016-06-29 20:56:29,109,236,43493,R,"['r', 'machine-learning', 'healthcare']",2316
hls-fpga-machine-learning/hls4ml,17,39,small,1433,716,137,2022-11-02 14:28:05,-1,2017-10-25 21:43:56,284,716,222549,C++,"['hls', 'machine-learning', 'fpga', 'python', 'keras', 'pytorch', 'onnx', 'vivado', 'vivado-hls']",1833
PaddlePaddle/VisualDL,17,30,small,880,4461,115,2022-10-20 6:34:29,13,2017-12-20 12:34:31,608,4461,190443,HTML,"['visualization', 'deep-learning', 'paddlepaddle', 'onnx', 'caffe']",1778
creme-ml/creme,17,82,small,3476,3784,0,2022-10-28 9:37:29,5,2019-01-24 15:18:26,419,3784,80528,Python,"['incremental-learning', 'machine-learning', 'python', 'online-learning', 'online-statistics', 'data-science', 'streaming', 'online-machine-learning', 'streaming-data', 'concept-drift', 'real-time-processing', 'stream-processing']",1377
skorch-dev/skorch,17,48,small,1019,4781,50,2022-11-02 15:51:02,-1,2017-07-18 0:13:54,325,4781,7894,Jupyter Notebook,"['scikit-learn', 'pytorch', 'machine-learning', 'hacktoberfest']",1933
explosion/sense2vec,18,14,medium,454,1439,20,2022-08-30 14:54:06,63,2016-01-23 22:15:49,233,1439,1184,Python,"['spacy', 'nlp', 'natural-language-processing', 'word2vec', 'python', 'sense2vec', 'gensim', 'gensim-word2vec', 'machine-learning']",2474
Tiiiger/bert_score,18,16,medium,165,989,0,2022-11-01 6:34:35,1,2019-04-20 15:04:58,165,989,1408,Jupyter Notebook,"['natural-language-processing', 'machine-learning']",1291
fukuball/jieba-php,18,12,medium,177,1203,21,2022-08-15 6:50:34,79,2015-04-23 8:29:45,250,1203,40254,PHP,"['nlp', 'natural-language-processing', 'chinese-text-segmentation', 'machine-learning']",2750
tensorflow/ranking,18,29,medium,512,2554,70,2022-10-26 23:51:05,6,2018-12-03 20:48:57,445,2554,6278,Python,"['ranking', 'machine-learning', 'deep-learning', 'information-retrieval', 'learning-to-rank', 'recommender-systems']",1429
Angel-ML/angel,19,49,medium,2870,6619,125,2022-09-12 14:23:38,50,2017-04-25 5:57:43,1620,6619,93245,Java,"['machine-learning', 'parameter-server', 'spark', 'scala', 'model', 'high-dimensional', 'online-learning', 'spark-streaming']",2017
nyu-mll/jiant,19,46,medium,1930,1445,69,2022-10-17 19:34:58,15,2018-06-18 18:12:47,273,1445,4540,Python,"['nlp', 'sentence-representation', 'bert', 'multitask-learning', 'transformers', 'transfer-learning']",1597
deepchem/deepchem,20,146,medium,7989,3934,505,2022-11-02 8:26:25,0,2015-09-24 23:20:28,1406,3934,514869,Python,"['drug-discovery', 'quantum-chemistry', 'deep-learning', 'biology', 'materials-science', 'hacktoberfest']",2595
leon-ai/leon,20,18,medium,859,11328,65,2022-11-01 20:52:00,0,2019-02-10 12:25:12,882,11328,13166,JavaScript,"['leon', 'personal-assistant', 'nodejs', 'python', 'ai', 'artificial-intelligence', 'speech-to-text', 'text-to-speech', 'speech-recognition', 'speech-synthesis', 'deepspeech', 'flite', 'assistant', 'virtual-assistant', 'chatbot', 'bot', 'voice-assistant', 'automation', 'offline', 'privacy']",1361
intel-analytics/BigDL,20,159,medium,18390,4052,674,2022-11-02 15:18:07,-1,2016-08-29 7:59:50,1053,4052,190516,Jupyter Notebook,"['spark', 'tensorflow', 'keras', 'pytorch', 'bigdl', 'analytics-zoo', 'distributed-deep-learning', 'python', 'scala']",2256
mlr-org/mlr,20,74,medium,4806,1584,6,2022-10-25 5:25:54,8,2013-08-29 16:26:13,405,1584,633920,R,"['machine-learning', 'data-science', 'tuning', 'cran', 'r-package', 'predictive-modeling', 'classification', 'regression', 'statistics', 'r', 'survival-analysis', 'imbalance-correction', 'tutorial', 'mlr', 'learners', 'hyperparameters-optimization', 'feature-selection', 'multilabel-classification', 'clustering', 'stacking']",3351
kermitt2/grobid,21,40,medium,2874,1820,342,2022-10-31 9:36:41,2,2012-09-13 15:48:54,344,1820,1345947,Java,"['machine-learning', 'scientific-articles', 'pdf', 'metadata', 'fulltext', 'bibliographical-references', 'hamburger-to-cow', 'crf', 'deep-learning']",3701
rtavenar/tslearn,21,34,medium,1590,2282,103,2022-10-27 7:41:49,6,2017-05-04 13:08:13,306,2282,7439,Python,"['time-series', 'timeseries', 'time-series-analysis', 'time-series-clustering', 'machine-learning', 'machine-learning-algorithms', 'machinelearning', 'dtw', 'python', 'time-series-classification', 'dynamic-time-warping']",2007
SmartDataAnalytics/PyKEEN,21,31,medium,2755,1014,89,2022-10-22 10:43:00,11,2020-02-24 7:26:03,139,1014,26961,Python,"['knowledge-graph-embeddings', 'knowledge-graphs', 'machine-learning', 'link-prediction', 'knowledge-base-completion', 'pykeen', 'deep-learning', 'cuda', 'python', 'torch']",982
sipeed/MaixPy,22,28,medium,593,1444,124,2022-08-26 3:24:47,68,2018-10-26 7:48:11,400,1444,57165,Python,"['maixpy', 'k210', 'aiot', 'micropython', 'edge-ai', 'riscv', 'firmware']",1468
kelaberetiv/TagUI,23,16,medium,1616,4663,41,2022-08-15 3:31:10,79,2016-12-06 4:30:34,506,4663,68524,JavaScript,"['rpa', 'ai', 'opencv', 'tesseract', 'nlp']",2157
scikit-optimize/scikit-optimize,23,64,medium,1570,2448,268,2022-08-30 17:01:38,63,2016-03-20 21:10:54,461,2448,9423,Python,"['bayesopt', 'optimization', 'scientific-computing', 'machine-learning', 'hyperparameter', 'bayesian-optimization', 'binder', 'scikit-learn', 'hyperparameter-optimization', 'hyperparameter-tuning', 'hyperparameter-search', 'sequential-recommendation', 'hacktoberfest', 'scientific-visualization', 'visualization']",2417
geomstats/geomstats,23,58,medium,9133,851,214,2022-11-02 15:36:18,-1,2017-10-25 0:44:57,197,851,163756,Jupyter Notebook,"['statistics', 'geometry', 'manifold', 'machine-learning', 'deep-learning', 'gpu-programming', 'lie-groups', 'neural-networks', 'geodesic', 'riemannian-geometry']",1834
pytorch/ignite,23,170,medium,1484,4101,147,2022-10-31 21:29:55,1,2017-11-23 17:31:21,555,4101,51452,Python,"['pytorch', 'neural-network', 'python', 'machine-learning', 'deep-learning', 'metrics', 'hacktoberfest']",1804
awslabs/mxnet-model-server,24,45,medium,1186,904,92,2022-10-31 18:42:55,1,2017-10-04 23:41:07,227,904,38613,Java,"['mxnet', 'deep-learning', 'inference', 'ai', 'neural-network', 'onnx', 'server']",1854
DistrictDataLabs/yellowbrick,24,105,medium,895,3780,85,2022-08-21 12:54:41,72,2016-05-18 14:12:17,530,3780,81362,Python,"['machine-learning', 'visual-analysis', 'model-selection', 'visualization', 'scikit-learn', 'visualizer', 'matplotlib', 'python', 'estimator', 'anaconda']",2358
jsbroks/coco-annotator,27,35,medium,324,1690,212,2022-10-08 7:36:51,25,2018-09-03 21:38:31,382,1690,2017,Vue,"['machine-learning', 'coco', 'datasets', 'annotate-images', 'computer-vision', 'deep-learning', 'image-labeling', 'coco-annotator', 'image-annotation', 'image-segmentation', 'coco-format', 'detection', 'label']",1520
deepmind/dm_control,28,27,medium,597,2974,48,2022-10-18 17:12:22,14,2017-12-29 18:13:15,563,2974,80426,Python,"['machine-learning', 'artificial-intelligence', 'neural-networks', 'deep-learning', 'reinforcement-learning', 'physics-simulation', 'mujoco']",1768
facebookresearch/habitat-sim,28,47,medium,1333,1560,84,2022-11-02 15:51:39,-1,2019-02-04 23:14:28,320,1560,85836,C++,"['ai', 'computer-vision', 'robotics', 'simulator', 'sim2real', 'cplusplus']",1366
microsoft/pai,28,83,medium,4517,2398,275,2022-09-16 18:20:39,46,2017-09-25 11:24:51,522,2398,73767,JavaScript,"['kubernetes', 'resource-management', 'scheduling', 'machine-learning', 'tensorflow', 'cluster-manager', 'gpu', 'model-training', 'ai', 'artificial-intelligence', 'pytorch', 'jupyter', 'chainer', 'cluster-management', 'cloud', 'on-premise', 'gpu-cluster', 'gpu-computing', 'gpu-scheduler']",1864
zalandoresearch/flair,28,185,medium,4732,12167,94,2022-11-02 15:40:43,-1,2018-06-11 11:04:18,1957,12167,83881,Python,"['pytorch', 'nlp', 'named-entity-recognition', 'sequence-labeling', 'semantic-role-labeling', 'word-embeddings', 'natural-language-processing', 'machine-learning']",1605
rflamary/POT,29,47,medium,1387,1651,32,2022-10-25 15:43:34,7,2016-10-20 14:42:14,430,1651,44777,Python,"['optimal-transport', 'numerical-optimization', 'machine-learning', 'emd', 'ot-mapping-estimation', 'wasserstein-barycenter', 'ot-solver', 'python', 'wasserstein', 'wasserstein-discriminant-analysis', 'gromov-wasserstein', 'wasserstein-barycenters', 'sinkhorn-divergences', 'sinkhorn-knopp', 'pot', 'domain-adaptation']",2203
bigartm/bigartm,30,30,medium,1679,630,138,2022-09-23 21:37:55,39,2014-09-15 20:26:11,117,630,17618,C++,"['topic-modeling', 'c-plus-plus', 'python', 'bigartm', 'regularizer', 'python-api', 'text-mining', 'machine-learning', 'bigdata']",2969
microsoft/AirSim,30,203,medium,3560,13641,570,2022-09-29 12:01:17,34,2017-02-14 0:52:29,3898,13641,376458,C++,"['drones', 'ai', 'self-driving-car', 'autonomous-vehicles', 'autonomous-quadcoptor', 'research', 'computer-vision', 'artificial-intelligence', 'deeplearning', 'deep-reinforcement-learning', 'control-systems', 'pixhawk', 'cross-platform', 'platform-independent', 'airsim', 'unreal-engine', 'simulator']",2087
sebp/scikit-survival,30,11,medium,768,851,19,2022-10-31 0:41:36,2,2016-12-26 22:15:53,174,851,5812,Python,"['survival-analysis', 'machine-learning', 'python', 'scikit-learn']",2136
VowpalWabbit/vowpal_wabbit,30,210,medium,10099,8071,153,2022-11-02 15:45:05,-1,2009-07-31 19:36:58,1816,8071,150055,C++,"['c-plus-plus', 'machine-learning', 'online-learning', 'contextual-bandits', 'reinforcement-learning', 'active-learning', 'learning-to-search', 'cpp']",4841
mwydmuch/ViZDoom,30,43,medium,1567,1427,91,2022-10-26 21:58:05,6,2015-06-26 18:38:23,352,1427,54201,C++,"['deep-learning', 'reinforcement-learning', 'python', 'vizdoom', 'doom', 'examples']",2685
IntelAI/models,31,78,medium,2519,411,32,2022-09-19 16:37:58,43,2018-10-23 23:59:08,168,411,333262,Python,"['ai', 'deep-learning', 'deep-neural-networks', 'tensorflow', 'inference', 'cpu', 'performance']",1470
pytorch/text,31,132,medium,1201,3126,299,2022-11-02 11:37:11,0,2016-12-12 0:56:03,755,3126,39463,Python,"['nlp', 'data-loader', 'deep-learning', 'pytorch', 'dataset']",2151
chakki-works/doccano,32,80,medium,3311,6896,181,2022-10-28 0:25:29,5,2018-05-09 6:10:05,1414,6896,55843,Python,"['natural-language-processing', 'machine-learning', 'annotation-tool', 'python', 'datasets', 'dataset', 'data-labeling', 'text-annotation', 'nuxtjs', 'vue', 'vuejs', 'nuxt']",1638
nubank/fklearn,32,50,medium,150,1413,33,2022-10-25 14:46:18,7,2019-02-27 14:32:57,161,1413,2649,Jupyter Notebook,"['data-science', 'machine-learning', 'python', 'data-analysis', 'ml']",1343
rasbt/mlxtend,32,79,medium,1522,4117,128,2022-10-12 1:26:49,21,2014-08-14 1:56:16,785,4117,88974,Python,"['python', 'machine-learning', 'data-science', 'data-mining', 'association-rules', 'supervised-learning', 'unsupervised-learning']",3002
microsoft/EconML,33,27,medium,372,2529,251,2022-11-02 16:08:35,-1,2018-04-30 21:02:52,547,2529,67523,Jupyter Notebook,"['machine-learning', 'economics', 'causal-inference', 'causality', 'econometrics', 'treatment-effects']",1646
tesseract-ocr/tesseract,33,158,medium,6095,47270,372,2022-11-01 17:57:16,0,2014-08-12 18:04:59,8228,47270,52434,C++,"['tesseract', 'tesseract-ocr', 'ocr', 'lstm', 'machine-learning', 'ocr-engine', 'hacktoberfest']",3003
IntelAI/OpenVINO-model-server,34,31,medium,1596,545,41,2022-11-02 15:43:05,-1,2018-09-26 16:40:53,152,545,41513,C++,"['openvino', 'inference', 'ai', 'edge', 'cloud', 'deep-learning', 'serving', 'dag', 'kubernetes', 'machine-learning', 'model-serving']",1497
apache/incubator-mxnet,34,375,medium,11893,20138,1984,2022-10-26 22:09:13,6,2015-04-30 16:21:15,6880,20138,100072,C++,['mxnet'],2742
materialsvirtuallab/megnet,34,9,medium,1103,398,28,2022-10-03 22:17:36,29,2018-12-12 21:31:28,119,398,168713,Jupyter Notebook,"['graph-networks', 'deep-learning', 'materials-science', 'machine-learning', 'keras', 'tensorflow']",1420
microsoft/LightGBM,34,265,medium,3109,14359,253,2022-11-02 1:58:07,0,2016-08-05 5:45:50,3638,14359,20225,C++,"['gbdt', 'gbm', 'machine-learning', 'data-mining', 'distributed', 'lightgbm', 'gbrt', 'microsoft', 'decision-trees', 'gradient-boosting', 'python', 'r', 'parallel', 'kaggle']",2280
pyro-ppl/pyro,35,122,medium,2358,7662,230,2022-11-01 21:51:24,0,2017-06-16 5:03:47,934,7662,81570,Python,"['python', 'pytorch', 'machine-learning', 'bayesian', 'probabilistic-programming', 'bayesian-inference', 'variational-inference', 'probabilistic-modeling', 'deep-learning']",1965
zhenghaoz/gorse,35,29,medium,1013,6307,36,2022-11-02 14:59:54,-1,2018-08-14 11:01:09,548,6307,11489,Go,"['recommender-system', 'collaborative-filtering', 'go', 'knn', 'machine-learning']",1541
dotnet/machinelearning,36,179,medium,2655,8153,683,2022-11-02 16:03:19,-1,2018-05-03 16:20:42,1781,8153,77124,C#,"['machine-learning', 'algorithms', 'dotnet', 'ml']",1643
DigitalSlideArchive/HistomicsTK,37,25,medium,2844,273,29,2022-09-20 16:11:37,42,2015-10-15 14:49:21,102,273,123528,Python,"['computer-vision', 'medical-image-processing', 'machine-learning', 'bioimage-informatics', 'histology', 'python', 'digital-slide-archive']",2574
shenweichen/DeepCTR,38,12,medium,127,6471,108,2022-11-02 12:44:12,-1,2017-10-07 7:40:37,2006,6471,7474,Python,"['ctr', 'click-through-rate', 'deep-learning', 'factorization-machines', 'deepfm', 'ffm', 'nfm', 'mlr', 'din', 'deepinterestnetwork', 'xdeepfm', 'deepcross', 'autoint', 'deepinterestevolutionnetwork', 'dien', 'fgcnn', 'recommendation', 'mmoe', 'esmm', 'ple']",1852
zvtvz/zvt,39,53,medium,771,2206,16,2022-09-28 9:42:26,35,2019-04-04 8:06:57,702,2206,43722,Python,"['stock', 'quant', 'fintech', 'trading-platform', 'technical-analysis', 'cryptocurrency', 'fundamental-analysis', 'algorithmic-trading', 'trading-strategies', 'backtesting', 'quantitative-finance', 'trading-bot', 'quantitative-trading', 'stock-market', 'zvt', 'python', 'ml', 'machine-learning']",1308
dmlc/dgl,39,229,medium,2561,10612,329,2022-11-02 15:17:30,-1,2018-04-20 14:49:09,2579,10612,20524,Python,"['deep-learning', 'graph-neural-networks']",1656
scikit-learn-contrib/imbalanced-learn,39,58,medium,771,6139,72,2022-10-30 13:32:48,2,2014-08-16 5:08:26,1214,6139,22017,Python,"['machine-learning', 'python', 'statistics', 'data-science', 'data-analysis']",3000
arraiyopensource/kornia,41,189,large,2191,7322,203,2022-11-02 12:33:27,0,2018-08-22 10:31:37,743,7322,114155,Python,"['computer-vision', 'image-processing', 'machine-learning', 'pytorch', 'deep-learning', 'neural-network', 'python', 'artificial-intelligence']",1533
yzhao062/pyod,42,36,large,1627,6345,144,2022-10-29 17:24:50,3,2017-10-03 20:29:04,1194,6345,39301,Python,"['outlier-detection', 'anomaly-detection', 'outlier-ensembles', 'outliers', 'anomaly', 'python', 'machine-learning', 'data-mining', 'unsupervised-learning', 'python2', 'python3', 'fraud-detection', 'autoencoder', 'neural-networks', 'deep-learning', 'data-science', 'data-analysis', 'novelty-detection', 'out-of-distribution-detection']",1855
qupath/qupath,43,12,large,2601,693,25,2022-11-01 19:00:23,0,2016-08-28 14:31:41,231,693,96162,Java,"['bioimage-informatics', 'image-processing', 'digital-pathology', 'pathology', 'machine-learning', 'cell-segmentation', 'whole-slide-imaging', 'bioimage-analysis', 'cell-analysis', 'imagej', 'opencv', 'groovy', 'histology', 'javafx', 'tissue-microarray-analysis', 'computational-pathology']",2256
axa-group/nlp.js,43,57,large,2290,5185,159,2022-11-01 18:43:22,0,2018-07-30 17:46:04,518,5185,29034,JavaScript,"['nlp', 'nlu', 'nodejs', 'sentiment-analysis', 'natural-language-processing', 'bot', 'bots', 'chatbot', 'conversational-ai', 'javascript', 'entity-extraction', 'classifier', 'hacktoberfest']",1555
RaRe-Technologies/gensim,43,383,large,4391,13663,398,2022-11-01 17:16:01,0,2011-02-10 7:43:04,4279,13663,105054,Python,"['gensim', 'topic-modeling', 'information-retrieval', 'machine-learning', 'natural-language-processing', 'nlp', 'data-science', 'python', 'data-mining', 'word2vec', 'word-embeddings', 'neural-network', 'document-similarity', 'word-similarity', 'fasttext']",4283
biolab/orange3,44,92,large,14404,3779,99,2022-10-28 16:04:54,4,2013-02-22 12:52:56,873,3779,96189,Python,"['data-mining', 'data-science', 'machine-learning', 'data-visualization', 'orange', 'python', 'scikit-learn', 'numpy', 'scipy', 'pandas', 'decision-trees', 'clustering', 'visualization', 'orange3', 'random-forest', 'plotting', 'classification', 'regression', 'visual-programming']",3539
rapidsai/cuml,44,117,large,14898,3005,714,2022-11-02 14:49:22,-1,2018-10-11 15:45:35,432,3005,155575,C++,"['machine-learning-algorithms', 'machine-learning', 'cuda', 'gpu', 'nvidia']",1482
Tencent/ncnn,44,228,large,2753,15825,890,2022-11-02 11:19:43,0,2017-06-30 10:55:37,3653,15825,20423,C++,"['inference', 'high-preformance', 'simd', 'arm-neon', 'deep-learning', 'artificial-intelligence', 'android', 'ios', 'ncnn', 'vulkan', 'neural-network', 'caffe', 'mxnet', 'pytorch', 'onnx', 'darknet', 'tensorflow', 'mlir', 'keras', 'riscv']",1951
SMTorg/smt,46,19,large,1344,414,10,2022-09-07 14:00:46,55,2016-11-08 23:00:31,154,414,88353,Jupyter Notebook,"['surrogate-models', 'derivative', 'sampling', 'mixture-of-experts', 'multi-fidelity', 'predictive-modeling', 'machine-learning']",2184
pytorch/vision,46,454,large,3154,12699,817,2022-11-02 16:09:05,-1,2016-11-09 23:11:43,6316,12699,503316,Python,"['computer-vision', 'machine-learning']",2183
undertheseanlp/underthesea,46,9,large,774,1040,28,2022-11-02 6:08:55,0,2017-03-01 10:24:26,250,1040,153947,Python,"['nlp', 'nlp-library', 'vietnamese-nlp', 'vietnamese', 'natural-language-processing', 'vietnamese-tokenizer', 'word-segmenter', 'sentence-segmentation', 'named-entity-recognition', 'ner', 'dependecy-parser', 'dependency-parsing', 'pos-tagging']",2072
microsoft/interpret,50,27,large,2162,5065,111,2022-11-01 23:52:14,0,2019-05-03 5:47:52,619,5065,15336,C++,"['machine-learning', 'interpretability', 'gradient-boosting', 'blackbox', 'scikit-learn', 'xai', 'interpretml', 'interpretable-machine-learning', 'machine-learning-interpretability', 'interpretable-ai', 'transparency', 'iml', 'interpretable-ml', 'explainable-ml', 'explainability', 'bias', 'ai', 'artificial-intelligence', 'explainable-ai', 'differential-privacy']",1279
OpenNMT/OpenNMT-py,50,163,large,2605,5759,101,2022-11-02 10:27:15,0,2017-02-22 19:01:50,2135,5759,335871,Python,"['deep-learning', 'pytorch', 'machine-translation', 'neural-machine-translation']",2078
ml5js/ml5-library,50,83,large,2452,5794,272,2022-10-29 10:12:33,4,2017-10-03 20:45:07,819,5794,381315,JavaScript,"['lstm', 'deep-learning', 'imagenet', 'machine-learning', 'javascript', 'neural-network', 'p5xjs', 'p5js']",1855
uber/ludwig,51,121,large,3006,8566,231,2022-11-02 14:06:11,-1,2018-12-27 23:58:12,1009,8566,28553,Python,"['deep-learning', 'deeplearning', 'deep', 'learning', 'machine-learning', 'machinelearning', 'machine', 'natural-language-processing', 'natural-language', 'computer-vision', 'data-centric', 'data-science', 'python', 'pytorch', 'neural-network', 'ml', 'datascience']",1405
opencv/dldt,51,357,large,8512,3748,644,2022-11-02 16:21:25,-1,2018-10-15 10:54:40,1531,3748,203903,C++,"['inference-engine', 'inference', 'deep-learning', 'performance', 'openvino', 'model-optimizer']",1479
WeBankFinTech/FATE,51,69,large,11013,4631,536,2022-11-02 9:03:40,0,2019-01-24 10:32:43,1383,4631,236841,Python,"['fate', 'machine-learning', 'federated-learning', 'privacy-preserving', 'algorithm']",1378
hellohaptik/chatbot_ner,53,36,large,2264,316,21,2022-11-02 3:30:51,0,2017-03-14 6:36:03,131,316,16198,Python,"['named-entity-recognition', 'chatbots', 'natural-language-processing', 'nlp-library', 'ner', 'nlp', 'chatbot-ner', 'entity', 'chatbot', 'elasticsearch', 'gazetteer']",2059
espnet/espnet,54,190,large,16044,5654,384,2022-11-02 16:35:07,-1,2017-12-13 0:45:11,1743,5654,573655,Python,"['deep-learning', 'end-to-end', 'chainer', 'pytorch', 'kaldi', 'speech-recognition', 'speech-synthesis', 'speech-translation', 'machine-translation', 'voice-conversion', 'speech-enhancement', 'speech-separation', 'singing-voice-synthesis', 'speaker-diarization', 'spoken-language-understanding']",1785
microsoft/onnxruntime,55,372,large,7643,7695,1373,2022-11-02 16:11:02,-1,2018-11-10 2:22:53,1804,7695,954967,C++,"['deep-learning', 'onnx', 'neural-networks', 'machine-learning', 'ai-framework', 'hardware-acceleration', 'pytorch', 'tensorflow', 'scikit-learn', 'hacktoberfest']",1453
slundberg/shap,55,165,large,2277,17818,1533,2022-10-31 15:15:43,1,2016-11-22 19:17:08,2686,17818,234786,Jupyter Notebook,"['interpretability', 'machine-learning', 'deep-learning', 'gradient-boosting', 'shap', 'shapley', 'explainability']",2170
scikit-learn-contrib/hdbscan,56,64,large,962,2293,304,2022-10-31 20:21:51,1,2015-04-22 13:32:37,431,2293,26740,Jupyter Notebook,"['machine-learning', 'machine-learning-algorithms', 'clustering', 'clustering-algorithm', 'cluster-analysis', 'clustering-evaluation']",2750
AlexEMG/DeepLabCut,58,93,large,1253,3358,38,2022-11-01 13:05:45,0,2018-03-26 22:29:12,1440,3358,217401,Python,"['behavior-analysis', 'deep-learning', 'pose-estimation', 'feature-detectors', 'toolbox', 'deeplabcut', 'animal-pose-estimation', 'labeling-tool', 'keypoint-tracking', 'keypoint-detection']",1681
mne-tools/mne-python,58,299,large,17208,2053,449,2022-11-02 16:37:44,-1,2011-01-28 3:31:13,1133,2053,145198,Python,"['python', 'neuroscience', 'electroencephalography', 'magnetoencephalography', 'electrocorticography', 'machine-learning', 'statistics', 'visualization', 'eeg', 'meg', 'ecog', 'neuroimaging']",4296
allenai/allennlp,59,254,large,2718,11269,97,2022-10-23 19:42:13,9,2017-05-15 15:52:41,2230,11269,74742,Python,"['pytorch', 'nlp', 'natural-language-processing', 'deep-learning', 'data-science', 'python']",1996
go-ego/gse,60,5,large,688,2045,6,2022-09-07 22:07:01,55,2017-06-23 15:42:35,181,2045,17554,Go,"['go', 'segment', 'nlp', 'gse', 'hmm', 'jieba', 'hmm-viterbi-algorithm', 'trie', 'chinese', 'english', 'japanese']",1957
hankcs/HanLP,62,35,large,1712,27328,6,2022-09-28 23:59:22,34,2014-10-09 6:36:16,7548,27328,72667,Python,"['nlp', 'natural-language-processing', 'hanlp', 'pos-tagging', 'dependency-parser', 'text-classification', 'named-entity-recognition', 'semantic-parsing']",2946
Azure/mmlspark,62,87,large,1247,3825,263,2022-11-02 7:25:22,0,2017-06-05 8:23:44,715,3825,79194,Scala,"['spark', 'pyspark', 'azure', 'scala', 'microsoft', 'ml', 'machine-learning', 'databricks', 'cognitive-services', 'lightgbm', 'http', 'model-deployment', 'deep-learning', 'ai', 'apache-spark', 'data-science', 'synapse', 'big-data', 'onnx', 'opencv']",1976
dmlc/xgboost,62,412,large,6017,23400,326,2022-11-02 15:37:32,-1,2014-02-06 17:28:03,8496,23400,24750,C++,"['gbdt', 'gbrt', 'gbm', 'distributed-systems', 'xgboost', 'machine-learning']",3190
microsoft/Recognizers-Text,63,121,large,2013,1185,159,2022-11-01 5:46:28,1,2017-04-17 19:45:47,414,1185,49394,C#,"['nlp', 'nlp-entity-extraction', 'datetime', 'entity-extraction', 'timex', 'numex', 'parser-library', 'ner', 'hacktoberfest']",2024
poldracklab/mriqc,65,32,large,3063,214,82,2022-09-07 10:57:39,56,2016-01-04 18:31:38,103,214,93176,Python,"['mri', 'quality-control', 'quality-reporter', 'machine-learning', 'neuroimaging']",2493
opencv/opencv,65,294,large,32384,64628,2330,2022-11-02 15:17:40,-1,2012-07-19 9:40:17,52849,64628,510698,C++,"['opencv', 'c-plus-plus', 'computer-vision', 'deep-learning', 'image-processing']",3758
wkentaro/labelme,70,50,large,1262,9354,53,2022-10-30 14:13:58,2,2016-05-09 12:30:26,2796,9354,46244,Python,"['image-annotation', 'python', 'computer-vision', 'annotations', 'deep-learning', 'semantic-segmentation', 'instance-segmentation', 'video-annotation', 'classification']",2368
SeldonIO/seldon-core,74,147,large,7175,3438,168,2022-11-02 9:32:56,0,2017-12-20 14:51:54,716,3438,220631,HTML,"['kubernetes', 'machine-learning', 'deployment', 'serving', 'mlops', 'aiops', 'machine-learning-operations', 'production-machine-learning']",1777
spencermountain/compromise,75,87,large,5580,10387,82,2022-11-02 14:53:35,-1,2011-07-05 9:04:38,660,10387,53253,JavaScript,"['nlp', 'part-of-speech', 'named-entity-recognition']",4138
tensorflow/tensor2tensor,75,217,large,4374,12715,584,2022-10-27 1:49:52,6,2017-06-15 16:57:39,3141,12715,17331,Python,"['machine-learning', 'machine-translation', 'deep-learning', 'reinforcement-learning', 'tpu']",1965
awslabs/sockeye,76,51,large,818,1133,11,2022-11-02 14:53:34,-1,2017-06-08 7:44:30,324,1133,10095,Python,"['deep-learning', 'deep-neural-networks', 'machine-learning', 'machine-translation', 'neural-machine-translation', 'encoder-decoder', 'attention-mechanism', 'sequence-to-sequence', 'sequence-to-sequence-models', 'sockeye', 'attention-is-all-you-need', 'attention-model', 'seq2seq', 'translation', 'transformer-architecture', 'transformer', 'transformer-network', 'pytorch']",1973
RubixML/RubixML,78,27,large,1978,1682,43,2022-10-31 6:58:25,2,2018-02-14 7:20:19,135,1682,28390,PHP,"['machine-learning', 'data-science', 'neural-network', 'analytics', 'php', 'classification', 'clustering', 'regression', 'anomaly-detection', 'deep-learning', 'cross-validation', 'machine-learning-library', 'php-ml', 'php-machine-learning', 'prediction', 'natural-language-processing', 'algorithm', 'php-ai', 'artificial-intelligence', 'ai']",1722
alan-turing-institute/sktime,85,191,large,3095,5801,593,2022-11-02 16:28:33,-1,2018-11-06 15:08:24,945,5801,54355,Python,"['time-series', 'machine-learning', 'scikit-learn', 'time-series-classification', 'time-series-regression', 'forecasting', 'time-series-analysis', 'data-science', 'data-mining']",1456
ironmussa/Optimus,87,22,large,6408,1307,23,2022-10-17 20:25:00,15,2017-07-13 2:31:18,221,1307,115153,Python,"['spark', 'pyspark', 'data-wrangling', 'bigdata', 'big-data-cleaning', 'data-science', 'data-cleansing', 'data-cleaner', 'data-transformation', 'machine-learning', 'data-profiling', 'data-extraction', 'data-exploration', 'data-analysis', 'data-preparation', 'cudf', 'dask', 'dask-cudf', 'data-cleaning']",1938
explosion/thinc,87,53,large,5185,2613,25,2022-10-28 10:26:18,5,2014-10-16 16:34:59,261,2613,10168,Python,"['machine-learning', 'deep-learning', 'artificial-intelligence', 'ai', 'python', 'nlp', 'natural-language-processing', 'spacy', 'machine-learning-library', 'type-checking', 'functional-programming', 'pytorch', 'tensorflow', 'mxnet', 'jax']",2938
gunthercox/ChatterBot,88,84,large,1848,12622,351,2022-09-05 10:37:34,58,2014-09-28 14:49:00,4167,12622,4338,Python,"['chatterbot', 'machine-learning', 'chatbot', 'python', 'conversation', 'language', 'bot']",2956
NVIDIA/DALI,88,75,large,2824,4087,246,2022-11-02 16:23:04,-1,2018-06-01 22:18:01,540,4087,258204,C++,"['fast-data-pipeline', 'image-augmentation', 'data-augmentation', 'image-processing', 'data-processing', 'deep-learning', 'machine-learning', 'python', 'neural-network', 'gpu', 'gpu-tensorflow', 'audio-processing', 'pytorch', 'mxnet', 'paddle']",1614
theislab/scanpy,89,100,large,3121,1306,544,2022-10-31 19:11:56,1,2017-01-29 11:31:11,468,1306,38179,Python,"['machine-learning', 'data-science', 'visualize-data', 'transcriptomics', 'bioinformatics', 'scanpy', 'anndata', 'python', 'scverse']",2103
catboost/catboost,89,183,large,24201,6787,450,2022-11-02 15:50:12,-1,2017-07-18 5:29:04,1059,6787,1069804,C,"['machine-learning', 'decision-trees', 'gradient-boosting', 'gbm', 'gbdt', 'python', 'r', 'kaggle', 'gpu-computing', 'catboost', 'tutorial', 'categorical-features', 'gpu', 'coreml', 'data-science', 'big-data', 'cuda', 'data-mining']",1933
Drakkar-Software/OctoBot,112,16,large,4099,1829,90,2022-11-02 12:41:56,-1,2018-02-23 23:13:05,500,1829,140825,Python,"['trading-bot', 'python', 'trading', 'bitcoin', 'telegram', 'social-trading', 'technical-analysis', 'cryptocurrency', 'cryptocurrency-trading-bot', 'deep-learning', 'arbitrage', 'backtesting', 'exchange', 'machine-learning', 'octobot', 'bitcoin-trading-bot', 'tradingview']",1712
explosion/spaCy,127,403,large,15671,24489,110,2022-11-02 16:11:34,-1,2014-07-03 15:15:40,3966,24489,188662,Python,"['natural-language-processing', 'data-science', 'machine-learning', 'python', 'cython', 'nlp', 'artificial-intelligence', 'ai', 'spacy', 'nlp-library', 'neural-network', 'neural-networks', 'deep-learning', 'named-entity-recognition', 'entity-linking', 'text-classification', 'tokenization']",3043
MycroftAI/mycroft-core,128,157,large,4920,6000,190,2022-11-01 18:54:43,0,2016-05-20 14:11:07,1229,6000,120113,Python,"['ai', 'open-source', 'nlp', 'voice-assistant', 'python', 'linux', 'raspberry-pi', 'skills', 'fedora', 'arch', 'oss', 'natural-language-processing', 'natural-language', 'voice-as-an-interface', 'artificial-intelligence', 'personal-assistant', 'hacktoberfest']",2356
plasticityai/magnitude,133,4,large,350,1544,37,2022-10-15 11:44:16,18,2018-02-24 7:28:16,113,1544,74131,Python,"['python', 'natural-language-processing', 'nlp', 'machine-learning', 'vectors', 'embeddings', 'word2vec', 'fasttext', 'glove', 'gensim', 'fast', 'memory-efficient', 'machine-learning-library', 'word-embeddings']",1712
JohnSnowLabs/spark-nlp,143,100,large,25517,2985,51,2022-11-02 15:56:53,-1,2017-09-24 19:36:44,613,2985,1064671,Scala,"['nlp', 'natural-language-processing', 'spark', 'spark-ml', 'pyspark', 'named-entity-recognition', 'sentiment-analysis', 'lemmatizer', 'spell-checker', 'entity-extraction', 'part-of-speech-tagger', 'bert', 'transformers', 'albert', 'xlnet', 'tensorflow', 'language-detection', 'seq2seq', 'machine-translation', 'text-classification']",1864
explosion/spacy-models,1096,12,large,1783,1190,0,2022-10-20 7:42:10,13,2017-03-14 11:15:20,271,1190,5545,Python,"['spacy', 'nlp', 'natural-language-processing', 'machine-learning', 'models', 'machine-learning-models', 'statistical-models', 'spacy-models']",2059